Date,Open,High,Low,Close,Adj Close,Volume
12/31/19,7.24,7.3,7.15,7.24,7.195854,3279000
1/2/20,7.3,7.56,7.23,7.46,7.414512,4545900
1/3/20,7.45,7.6,7.31,7.32,7.275366,2218000
1/6/20,7.25,7.3,7.11,7.12,7.076585,2903400
1/7/20,7.11,7.2,7,7.13,7.086524,3205300
1/8/20,7.11,7.15,6.61,6.62,6.579634,6557000
1/9/20,6.66,6.68,6.35,6.46,6.42061,6794300
1/10/20,6.44,6.67,6.41,6.47,6.430549,5203600
1/13/20,6.5,6.64,6.42,6.56,6.52,2836800
1/14/20,6.55,6.96,6.45,6.85,6.808232,2713100
1/15/20,6.85,7.34,6.8,7.11,7.066647,4660300
1/16/20,7.19,7.44,7.19,7.33,7.285305,3350400
1/17/20,7.36,7.38,7.13,7.28,7.23561,2016900
1/21/20,7.26,7.32,7.15,7.18,7.13622,1831400
1/22/20,7.21,7.22,6.93,6.97,6.9275,2716900
1/23/20,6.93,7,6.68,6.8,6.758537,2029300
1/24/20,6.76,6.8,6.6,6.74,6.698902,2282800
1/27/20,6.51,6.54,6.25,6.36,6.321219,3163600
1/28/20,6.35,6.8,6.29,6.79,6.748598,2094700
1/29/20,6.86,6.89,6.69,6.77,6.72872,1438200
1/30/20,6.62,6.88,6.46,6.84,6.798293,1640600
1/31/20,6.81,6.87,6.5,6.52,6.480244,1883300
2/3/20,6.5,6.59,6.41,6.45,6.410671,1405700
2/4/20,6.46,6.69,6.39,6.65,6.609451,2004400
2/5/20,6.72,7.1,6.69,7,6.957317,2167200
2/6/20,7.03,7.13,6.73,6.75,6.708841,2713400
2/7/20,6.7,6.75,6.54,6.55,6.510061,2063000
2/10/20,6.55,6.83,6.47,6.79,6.748598,1360300
2/11/20,6.8,6.98,6.65,6.94,6.897683,1568500
2/12/20,6.93,7.08,6.82,6.86,6.818171,1922100
2/13/20,6.75,7.08,6.72,7,6.957317,1553400
2/14/20,7.01,7.19,6.88,7.1,7.056707,1706000
2/18/20,7.09,7.25,7.03,7.04,6.997073,2142800
2/19/20,7.1,7.44,7.06,7.31,7.265427,2308500
2/20/20,7.32,7.78,7.21,7.76,7.712683,3649100
2/21/20,7.7,7.75,7.33,7.46,7.414512,3034300
2/24/20,7.14,7.14,6.84,7.05,7.007012,3210900
2/25/20,7,7.28,6.48,6.55,6.510061,4181000
2/26/20,6.57,6.62,5.87,5.93,5.893841,7176800
2/27/20,5.71,6.2,5.12,6.09,6.052866,6294000
2/28/20,6.51,6.65,5.98,6.26,6.221829,7555900
3/2/20,6.31,6.32,5.63,6.11,6.072744,4585400
3/3/20,6.1,6.13,5.64,5.81,5.774573,3843000
3/4/20,5.86,5.9,5.43,5.82,5.784513,4483700
3/5/20,5.6,5.61,4.75,4.92,4.89,5853100
3/6/20,4.62,4.73,4.37,4.53,4.53,4599900
3/9/20,3.95,4.07,3.68,3.85,3.85,3404000
3/10/20,4.17,4.29,3.76,4.2,4.2,3687000
3/11/20,3.98,4.07,3.56,3.64,3.64,4059400
3/12/20,2.68,3.15,2.65,2.91,2.91,8058000
3/13/20,3.14,3.27,2.8,3.22,3.22,6158300
3/16/20,2.64,2.9,2.6,2.6,2.6,8497900
3/17/20,2.62,2.75,1.95,2.48,2.48,7685700
3/18/20,2.28,3,2.11,2.47,2.47,7753500
3/19/20,2.64,3.47,2.38,3.37,3.37,8614600
3/20/20,3.4,3.6,3.02,3.19,3.19,5754000
3/23/20,3.23,3.4,2.71,3.15,3.15,6481300
3/24/20,3.5,3.56,3.27,3.56,3.56,5168300
3/25/20,3.92,3.98,3.25,3.46,3.46,8112900
3/26/20,3.46,3.95,3.44,3.7,3.7,5094700
3/27/20,3.57,3.75,3.3,3.6,3.6,3431400
3/30/20,3.45,3.5,3.04,3.04,3.04,4219700
3/31/20,3.15,3.29,3.08,3.16,3.16,3637100
4/1/20,3,3.04,2.5,2.62,2.62,5898600
4/2/20,2.74,2.78,2.18,2.24,2.24,8808100
4/3/20,2.32,2.34,2,2.27,2.27,7493400
4/6/20,2.5,2.97,2.4,2.88,2.88,6912000
4/7/20,3.17,3.73,3.05,3.14,3.14,8977100
4/8/20,3.05,3.32,2.8,3.3,3.3,7997600
4/9/20,3.3,3.3,2.58,2.6,2.6,13981200
4/13/20,2.34,2.36,1.95,2.08,2.08,19784100
4/14/20,2.21,2.37,2.14,2.18,2.18,11747900
4/15/20,2.15,2.46,2.02,2.41,2.41,11378000
4/16/20,2.35,2.49,2.15,2.44,2.44,6290800
4/17/20,3.85,3.85,3.05,3.2,3.2,26799900
4/20/20,3.22,3.44,3.06,3.18,3.18,10787200
4/21/20,3.2,3.38,3.15,3.25,3.25,5788400
4/22/20,3.39,3.39,3.16,3.18,3.18,4568600
4/23/20,3.2,3.25,3.08,3.11,3.11,4318800
4/24/20,3.14,3.2,3.02,3.05,3.05,3623700
4/27/20,3.19,3.4,3.06,3.36,3.36,5667200
4/28/20,3.82,4.75,3.5,4.14,4.14,21601100
4/29/20,4.54,5.53,4.47,5.19,5.19,27162400
4/30/20,5.01,5.09,4.5,4.92,4.92,11235600
5/1/20,4.62,4.7,4.3,4.57,4.57,6746800
5/4/20,4.11,4.78,4,4.3,4.3,5601400
5/5/20,4.67,4.69,3.81,3.89,3.89,7504500
5/6/20,4.08,4.1,3.83,3.92,3.92,3105700
5/7/20,4.01,4.18,3.95,3.99,3.99,4105800
5/8/20,4.14,4.22,4.04,4.1,4.1,3571200
5/11/20,6.4,6.41,4.89,5.32,5.32,106553300
5/12/20,5.77,5.84,4.91,5.12,5.12,19681900
5/13/20,5.02,5.03,4.51,4.6,4.6,10433400
5/14/20,4.25,4.65,4.08,4.55,4.55,5920500
5/15/20,4.47,4.62,4.44,4.52,4.52,3483200
5/18/20,4.8,4.93,4.63,4.72,4.72,6036900
5/19/20,4.82,4.98,4.5,4.56,4.56,4929800
5/20/20,4.69,4.75,4.59,4.66,4.66,3489500
5/21/20,4.68,4.79,4.55,4.63,4.63,4555000
5/22/20,4.66,4.68,4.56,4.58,4.58,2408800
5/26/20,4.8,5.14,4.7,5.11,5.11,8864100
5/27/20,5.48,5.65,5.11,5.6,5.6,7862400
5/28/20,5.65,5.68,5.02,5.07,5.07,6590200
5/29/20,5,5.38,4.83,5.13,5.13,5153000
6/1/20,5.03,5.37,5.02,5.31,5.31,3913100
6/2/20,5.35,5.65,5.33,5.59,5.59,6877800
6/3/20,5.27,5.99,5.09,5.45,5.45,15353700
6/4/20,5.17,5.4,5,5.38,5.38,8572600
6/5/20,5.78,6.15,5.64,5.91,5.91,9240900
6/8/20,6.27,6.84,6.17,6.45,6.45,8587100
6/9/20,6.1,6.19,5.56,5.99,5.99,7394300
6/10/20,7.3,7.35,6.28,6.29,6.29,15322600
6/11/20,5.53,5.65,5,5.17,5.17,9179400
6/12/20,5.69,5.93,5.22,5.89,5.89,7352900
6/15/20,5.42,5.93,5.3,5.8,5.8,5541400
6/16/20,6.02,6.06,5.5,5.56,5.56,5911900
6/17/20,5.41,5.63,5.31,5.42,5.42,3030800
6/18/20,5.35,5.72,5.34,5.63,5.63,5619700
6/19/20,6.2,6.25,5.46,5.52,5.52,13137400
6/22/20,5.48,5.48,5.21,5.33,5.33,4412800
6/23/20,5.37,5.4,5.04,5.1,5.1,5699300
6/24/20,4.99,5.12,4.51,4.79,4.79,8104100
6/25/20,4.57,4.59,4.17,4.27,4.27,8251400
6/26/20,4.26,4.69,4.15,4.18,4.18,5601000
6/29/20,3.91,4.44,3.75,4.42,4.42,9321600
6/30/20,4.34,4.36,4.21,4.29,4.29,3653400
7/1/20,4.26,4.6,4.26,4.57,4.57,4914500
7/2/20,4.69,4.69,4.47,4.53,4.53,3908400
7/6/20,4.62,4.64,4.13,4.28,4.28,5489700
7/7/20,4.18,4.29,4.08,4.13,4.13,2667600
7/8/20,4.49,4.52,4.2,4.43,4.43,5586800
7/9/20,4.48,4.6,4.18,4.57,4.57,4225700
7/10/20,4.39,4.6,4.38,4.6,4.6,3306100
7/13/20,4.76,4.82,4.25,4.26,4.26,4464800
7/14/20,4.25,4.27,4.1,4.22,4.22,3291400
7/15/20,4.37,4.58,4.22,4.5,4.5,4830700
7/16/20,4.33,4.48,4.31,4.38,4.38,1997500
7/17/20,4.36,4.37,4.2,4.27,4.27,2101700
7/20/20,4.21,4.23,4.07,4.15,4.15,2393100
7/21/20,4.15,4.24,4.08,4.15,4.15,1925900
7/22/20,4.1,4.17,4,4.03,4.03,2798800
7/23/20,4.08,4.18,4,4.06,4.06,3614300
7/24/20,4,4.18,3.96,4,4,3282400
7/27/20,4.01,4.03,3.81,3.87,3.87,2980500
7/28/20,3.85,4.25,3.84,4.15,4.15,6226600
7/29/20,4.07,4.2,3.95,4.16,4.16,5489400
7/30/20,4.12,4.34,4.06,4.12,4.12,3699100
7/31/20,4.08,4.15,3.95,4.04,4.04,2584900
8/3/20,4.05,4.2,3.86,4.11,4.11,4047100
8/4/20,4.07,4.24,4.06,4.1,4.1,3267800
8/5/20,4.08,4.17,4.07,4.15,4.15,1691500
8/6/20,4.11,4.24,3.99,4.14,4.14,3742600
8/7/20,4.14,5.26,4.09,4.75,4.75,24917400
8/10/20,4.65,4.74,4.35,4.47,4.47,5048200
8/11/20,4.7,4.85,4.54,4.56,4.56,5794800
8/12/20,4.62,4.76,4.56,4.64,4.64,2457900
8/13/20,5.1,5.77,4.82,5.31,5.31,23259200
8/14/20,5.56,5.63,5.05,5.54,5.54,12055800
8/17/20,5.72,5.85,5.43,5.6,5.6,7159200
8/18/20,5.57,5.57,5.13,5.35,5.35,5790700
8/19/20,5.34,5.47,5.18,5.39,5.39,5728300
8/20/20,5.57,5.78,5.3,5.69,5.69,13728400
8/21/20,5.68,5.68,5.18,5.19,5.19,8216900
8/24/20,5.35,5.45,4.94,5.41,5.41,8498200
8/25/20,5.46,5.58,5.21,5.54,5.54,5296900
8/26/20,5.45,5.67,5.33,5.6,5.6,4419400
8/27/20,5.81,7.1,5.7,6.52,6.52,31921200
8/28/20,6.49,6.54,6.11,6.3,6.3,9882700
8/31/20,6.33,6.45,5.76,5.88,5.88,9820200
9/1/20,5.79,6.18,5.79,6.07,6.07,9524000
9/2/20,7.01,7.71,6.46,7.04,7.04,43056200
9/3/20,6.94,7.14,6.48,6.6,6.6,10626600
9/4/20,6.76,7.02,6.23,7.02,7.02,9328800
9/8/20,6.76,6.95,6.37,6.42,6.42,6667400
9/9/20,6.54,6.54,6.11,6.26,6.26,5578200
9/10/20,6.28,6.36,5.88,5.94,5.94,5881800
9/11/20,6.06,6.07,5.6,5.79,5.79,4863000
9/14/20,5.84,5.87,5.51,5.54,5.54,4638100
9/15/20,5.6,5.87,5.52,5.52,5.52,5099300
9/16/20,5.52,5.88,5.42,5.76,5.76,4380600
9/17/20,5.67,5.79,5.58,5.72,5.72,2619700
9/18/20,5.71,5.74,5.57,5.67,5.67,2428500
9/21/20,5.42,5.48,5.01,5.32,5.32,4563200
9/22/20,5.22,5.32,5.14,5.21,5.21,2090100
9/23/20,5.22,5.29,4.74,4.78,4.78,4285200
9/24/20,4.69,4.9,4.36,4.61,4.61,4569700
9/25/20,4.64,4.93,4.5,4.88,4.88,2375500
9/28/20,5.04,5.04,4.61,4.91,4.91,4676500
9/29/20,4.88,4.94,4.75,4.86,4.86,2520000
9/30/20,4.8,4.95,4.7,4.71,4.71,2515400
10/1/20,4.78,4.8,4.63,4.65,4.65,3223800
10/2/20,4.48,4.66,4.42,4.65,4.65,3576000
10/5/20,4.3,4.36,4.05,4.13,4.13,9468800
10/6/20,4.26,4.27,4.05,4.06,4.06,8404200
10/7/20,4.08,4.11,3.94,4.04,4.04,6917700
10/8/20,4.13,4.18,4.02,4.14,4.14,7868500
10/9/20,4.17,4.18,4.04,4.05,4.05,5021400
10/12/20,4.03,4.09,4,4.08,4.08,3245700
10/13/20,3.9,3.91,3.52,3.54,3.54,10164700
10/14/20,3.09,3.2,2.66,2.96,2.96,31709400
10/15/20,2.84,2.96,2.76,2.78,2.78,9808600
10/16/20,2.87,3.29,2.8,3.04,3.04,18565800
10/19/20,3.31,3.88,3.23,3.54,3.54,40385100
10/20/20,3.3,3.31,3.05,3.09,3.09,15978800
10/21/20,3.1,3.13,2.98,3,3,7277300
10/22/20,2.96,3.15,2.84,3.12,3.12,12339600
10/23/20,3.13,3.15,2.95,2.97,2.97,6635000
10/26/20,2.92,2.93,2.68,2.75,2.75,10458800
10/27/20,2.88,2.9,2.61,2.79,2.79,11251300
10/28/20,2.69,2.74,2.58,2.61,2.61,8141100
10/29/20,2.65,2.68,2.48,2.52,2.52,9019300
10/30/20,2.48,2.49,2.28,2.36,2.36,10968800
11/2/20,2.3,2.32,2.11,2.15,2.15,11180100
11/3/20,2.34,2.59,2.3,2.34,2.34,15441900
11/4/20,2.4,2.43,2.24,2.31,2.31,7609100
11/5/20,2.35,2.57,2.27,2.46,2.46,8056200
11/6/20,2.43,2.62,2.33,2.49,2.49,9049500
11/9/20,4.27,4.39,3.23,3.77,3.77,132511000
11/10/20,3.99,4.03,3.34,3.51,3.51,42129300
11/11/20,3.23,3.24,3,3.13,3.13,24066100
11/12/20,3.07,3.07,2.92,2.94,2.94,14729000
11/13/20,2.98,2.99,2.78,2.97,2.97,21995400
11/16/20,3.39,3.39,3.05,3.11,3.11,47604300
11/17/20,3.01,3.04,2.9,2.98,2.98,22483000
11/18/20,3.08,3.37,3.01,3.26,3.26,31717300
11/19/20,3.16,3.38,3.15,3.19,3.19,13986400
11/20/20,3.25,3.37,3.21,3.35,3.35,17088800
11/23/20,3.51,3.85,3.41,3.81,3.81,31514600
11/24/20,4.16,5,4.15,4.58,4.58,62884600
11/25/20,4.57,4.85,4.2,4.49,4.49,22647300
11/27/20,4.54,4.62,4.36,4.45,4.45,10097400
11/30/20,4.41,4.45,3.99,4.27,4.27,16555000
12/1/20,4.43,4.43,4.09,4.15,4.15,12130100
12/2/20,4.08,4.34,3.95,4.32,4.32,11847600
12/3/20,4.01,4.22,3.5,3.63,3.63,66080900
12/4/20,3.75,3.76,3.3,3.51,3.51,33157300
12/7/20,3.45,3.74,3.33,3.56,3.56,20503900
12/8/20,3.61,4.02,3.61,3.98,3.98,29530600
12/9/20,4.22,4.33,3.75,3.86,3.86,20991200
12/10/20,3.79,4.1,3.77,4.09,4.09,19872800
12/11/20,4.04,4.25,3.87,3.92,3.92,22310400
12/14/20,4.01,4.01,3,3.19,3.19,67159000
12/15/20,3.24,3.24,2.76,2.86,2.86,54432100
12/16/20,2.87,2.89,2.72,2.78,2.78,25423200
12/17/20,2.8,2.95,2.74,2.85,2.85,23799300
12/18/20,2.85,2.85,2.76,2.8,2.8,21941700
12/21/20,2.61,2.74,2.58,2.68,2.68,22699800
12/22/20,2.73,2.75,2.52,2.59,2.59,21638400
12/23/20,2.58,2.65,2.54,2.56,2.56,15724800
12/24/20,2.59,2.6,2.48,2.51,2.51,11094200
12/28/20,2.63,2.63,2.36,2.39,2.39,23942700
12/29/20,2.44,2.46,2.28,2.29,2.29,21086100
12/30/20,2.3,2.3,2.13,2.16,2.16,40278400
12/31/20,2.17,2.22,2.08,2.12,2.12,28234300
1/4/21,2.2,2.2,2,2.01,2.01,29873800
1/5/21,1.99,2.03,1.91,1.98,1.98,28148300
1/6/21,2.03,2.23,1.97,2.01,2.01,67363300
1/7/21,2.08,2.11,2.02,2.05,2.05,26150500
1/8/21,2.09,2.21,2.07,2.14,2.14,39553300
1/11/21,2.16,2.27,2.15,2.2,2.2,41695800
1/12/21,2.24,2.39,2.24,2.29,2.29,41549200
1/13/21,2.33,2.38,2.13,2.18,2.18,45847700
1/14/21,2.22,2.32,2.13,2.18,2.18,49638800
1/15/21,2.2,2.55,2.18,2.33,2.33,162356400
1/19/21,2.8,3.2,2.57,3.06,3.06,256276000
1/20/21,3.29,3.34,2.75,2.97,2.97,181862200
1/21/21,3,3.06,2.85,2.98,2.98,64823800
1/22/21,2.91,3.74,2.81,3.51,3.51,268273400
1/25/21,4.71,4.88,3.85,4.42,4.42,443238100
1/26/21,5.09,5.19,4.37,4.96,4.96,456850200
1/27/21,20.34,20.360001,11.01,19.9,19.9,1222342500
1/28/21,11.98,16.5,6.51,8.63,8.63,591223900
1/29/21,14.31,16,11.6,13.26,13.26,602193300
2/1/21,17,17.25,12.91,13.3,13.3,434608000
2/2/21,9.48,10.1,6,7.82,7.82,462775900
2/3/21,8.85,9.77,7.89,8.97,8.97,221405100
2/4/21,8.7,8.74,7,7.09,7.09,162985800
2/5/21,7.17,8.27,6.52,6.83,6.83,197097600
2/8/21,6.88,6.89,5.75,6.18,6.18,128171500
2/9/21,5.81,5.81,5.26,5.5,5.5,102588100
2/10/21,5.71,6.59,5.45,5.8,5.8,152810800
2/11/21,5.62,5.85,5.47,5.61,5.61,55920400
2/12/21,5.72,5.97,5.52,5.59,5.59,46773000
2/16/21,6.03,6.05,5.49,5.65,5.65,61165700
2/17/21,5.58,5.62,5.32,5.55,5.55,38849000
2/18/21,5.84,6.25,5.46,5.51,5.51,130540800
2/19/21,5.54,5.77,5.51,5.7,5.7,40249100
2/22/21,5.93,6.68,5.75,6.55,6.55,173409000
2/23/21,6.97,7.86,6.01,7.7,7.7,264876400
2/24/21,7.23,9.83,6.99,9.09,9.09,376881800
2/25/21,10.89,11,7.85,8.29,8.29,445717400
2/26/21,8.19,9.01,7.63,8.01,8.01,137028000
3/1/21,8.86,9.45,8.42,9.18,9.18,143586500
3/2/21,9.14,9.4,8.51,8.93,8.93,78135400
3/3/21,8.95,9.14,8.5,8.58,8.58,55651900
3/4/21,8.25,8.59,7.5,8.03,8.03,77822600
3/5/21,8.08,8.27,7.63,8.05,8.05,59734100
3/8/21,8.53,9.48,8.31,9.29,9.29,114343800
3/9/21,9.38,10.77,9.22,10.5,10.5,150415600
3/10/21,11.02,12.47,9.51,9.85,9.85,261918600
3/11/21,10.65,10.87,9.9,10.28,10.28,83933600
3/12/21,10.16,11.4,9.94,11.16,11.16,111146700
3/15/21,12.18,14.49,11.85,14.04,14.04,277713300
3/16/21,13.62,13.62,12.34,13.02,13.02,125967600
3/17/21,13.24,13.66,13,13.56,13.56,78053600
3/18/21,14.34,14.54,13.57,14,14,121418000
3/19/21,14.14,14.18,13.28,13.93,13.93,153206000
3/22/21,13.15,13.19,11.76,12.49,12.49,88760100
3/23/21,11.46,11.93,10.37,10.66,10.66,87923200
3/24/21,10.82,11.21,8.93,9.02,9.02,81850700
3/25/21,8.96,11.32,8.95,10.94,10.94,131192800
3/26/21,11.27,11.53,10.01,10.24,10.24,84633100
3/29/21,10.32,10.76,10.09,10.35,10.35,37330700
3/30/21,10.31,10.52,9.76,10.35,10.35,39020500
3/31/21,10.4,10.47,10.05,10.21,10.21,29832300
4/1/21,10.23,10.26,9.15,9.36,9.36,77473900
4/5/21,10.1,11.25,9.72,10.61,10.61,96082300
4/6/21,10.4,10.5,10,10.2,10.2,44067000
4/7/21,10.07,10.18,9.85,9.85,9.85,28804300
4/8/21,10.01,10.01,9.5,9.79,9.79,33408700
4/9/21,9.6,9.74,9.24,9.42,9.42,29254600
4/12/21,9.44,9.49,8.51,8.62,8.62,51269800
4/13/21,8.66,9.12,8.31,8.84,8.84,44049100
4/14/21,9,9.81,8.9,9.35,9.35,51166300
4/15/21,9.88,10.23,9.58,9.9,9.9,45198900
4/16/21,10,10.03,9.09,9.33,9.33,40696700
4/19/21,9.48,9.81,9.38,9.66,9.66,32814300
4/20/21,9.7,9.71,9.01,9.28,9.28,27008900
4/21/21,9.25,9.81,9.14,9.78,9.78,23598200
4/22/21,9.95,10.65,9.79,9.99,9.99,49923500
4/23/21,10.09,10.38,9.96,10.16,10.16,27465600
4/26/21,10.69,11.96,10.57,11.5,11.5,78592900
4/27/21,11.68,12.22,11.22,11.46,11.46,51629800
4/28/21,10.85,11.39,10.65,10.85,10.85,39720500
4/29/21,10.95,11.04,10.09,10.2,10.2,37782900
4/30/21,10.07,10.18,9.88,10.03,10.03,27741000
5/3/21,10.11,10.12,9.61,9.71,9.71,31251200
5/4/21,9.63,9.75,9.05,9.39,9.39,35222400
5/5/21,9.41,9.57,9.08,9.17,9.17,27608700
5/6/21,9.33,9.4,8.93,9,9,39586300
5/7/21,9.32,9.79,9.14,9.51,9.51,38245000
5/10/21,9.9,10.15,9.56,9.74,9.74,41015300
5/11/21,9.93,10.48,9.6,10.05,10.05,49601000
5/12/21,10.03,10.63,10.02,10.32,10.32,54423500
5/13/21,10.88,14.2,10.64,12.77,12.77,296525000
5/14/21,13.31,14.34,12.57,12.98,12.98,207589900
5/17/21,13.67,14.38,13.39,13.95,13.95,158933100
5/18/21,14.25,14.67,13.57,14.03,14.03,172488400
5/19/21,12.95,13.31,12.14,12.64,12.64,89024100
5/20/21,12.59,12.99,12.03,12.55,12.55,61419700
5/21/21,12.61,12.84,12.05,12.08,12.08,53937700
5/24/21,12.38,13.96,12.17,13.68,13.68,113319200
5/25/21,13.61,16.67,13.55,16.41,16.41,213644100
5/26/21,17.76,19.950001,17.26,19.559999,19.559999,379064100
5/27/21,18.610001,29.76,18.309999,26.52,26.52,705545700
5/28/21,31.809999,36.720001,24.17,26.120001,26.120001,660623600
6/1/21,31.889999,33.529999,28.530001,32.040001,32.040001,508694600
6/2/21,37.52,72.620003,35.59,62.549999,62.549999,766462500
6/3/21,58.099998,68.800003,37.66,51.34,51.34,598142200
6/4/21,48.790001,57.48,46.040001,47.91,47.91,337710100
6/7/21,52.380001,59.68,51.5,55,55,349094900
6/8/21,57.16,60.619999,52.77,55.049999,55.049999,214490300
6/9/21,52.200001,53.389999,48.119999,49.34,49.34,150361300
6/10/21,47.93,51.5,39.709999,42.810001,42.810001,224860600
6/11/21,44.68,49.599998,42.009998,49.400002,49.400002,218006600
6/14/21,51.830002,60.549999,51.52,57,57,301467300
6/15/21,58.389999,64.709999,56.73,59.040001,59.040001,285582100
6/16/21,56.139999,57.34,51.860001,55.18,55.18,166450700
6/17/21,54,63.830002,52.98,60.73,60.73,303576000
6/18/21,61.259998,64.959999,56.849998,59.259998,59.259998,243645900
6/21/21,61.34,63.009998,53.43,55.689999,55.689999,185876100
6/22/21,54.099998,58.740002,51.049999,58.27,58.27,169494100
6/23/21,57.040001,61.099998,56.799999,58.299999,58.299999,116291800
6/24/21,57.98,58.759998,55.66,56.700001,56.700001,80351200
6/25/21,55.75,56.290001,52.970001,54.060001,54.060001,77596900
6/28/21,55.099998,59.360001,54.330002,58.110001,58.110001,99310200
6/29/21,59.060001,61,56.18,56.43,56.43,63604100
6/30/21,56,58.18,54.650002,56.68,56.68,59020600
7/1/21,56.860001,57.709999,52.529999,54.220001,54.220001,57549900
7/2/21,52.77,53.25,47.77,51.959999,51.959999,90271500
7/6/21,53.459999,55.07,49.700001,49.959999,49.959999,62370300
7/7/21,47.700001,48.990002,42.799999,45.07,45.07,95320200
7/8/21,40.950001,49.790001,38.759998,47.939999,47.939999,145078200
7/9/21,48.369999,48.919998,45.82,46.189999,46.189999,57858600
7/12/21,44.290001,46.549999,42.07,42.610001,42.610001,62986400
7/13/21,40.57,42.139999,38.700001,39.349998,39.349998,86807300
7/14/21,38.799999,39.130001,33.240002,33.43,33.43,137830700
7/15/21,32.200001,37.400002,32.139999,36,36,199584500
7/16/21,37.830002,38.549999,34.299999,34.959999,34.959999,126825700
7/19/21,32.950001,35.34,31.15,34.619999,34.619999,112891300
7/20/21,35.139999,44.389999,35.130001,43.09,43.09,168673400
7/21/21,41.799999,46.549999,40.110001,40.779999,40.779999,158023700
7/22/21,40.16,41.740002,37.150002,37.240002,37.240002,93985900
7/23/21,37.779999,38.400002,34.689999,36.990002,36.990002,85474800
7/26/21,38.32,40.849998,37.57,40.290001,40.290001,97977600
7/27/21,39.990002,40.299999,37.060001,38.009998,38.009998,55288900
7/28/21,37.41,39.560001,36.080002,38.900002,38.900002,71021400
7/29/21,38,40.25,37.470001,38.130001,38.130001,59446200
7/30/21,37.540001,39.189999,36.790001,37.02,37.02,52996200
8/2/21,37.580002,38.48,35.009998,35.200001,35.200001,59061700
8/3/21,35.16,35.209999,32.779999,33.59,33.59,61740100
8/4/21,34.43,35.240002,29.809999,29.84,29.84,85496600
8/5/21,31.08,34.119999,28.91,33.509998,33.509998,108565100
8/6/21,33.419998,33.580002,31.57,32.700001,32.700001,52858800
8/9/21,32.68,35.380001,32.349998,33.799999,33.799999,81054600
8/10/21,36.900002,37.16,31.440001,31.75,31.75,116181500
8/11/21,31.58,31.91,29.4,31.549999,31.549999,69684300
8/12/21,30.91,34.099998,30.75,33.07,33.07,71050000
8/13/21,32.200001,34.48,31.879999,33.470001,33.470001,57990800
8/16/21,33.849998,36.18,32.709999,35.689999,35.689999,86506600
8/17/21,34.990002,38.779999,34.59,37.16,37.16,86868900
8/18/21,37.32,38.700001,36.490002,36.549999,36.549999,57948000
8/19/21,36.59,36.779999,33.330002,33.82,33.82,47920600
8/20/21,33.900002,34.599998,32.200001,34.41,34.41,55432600
8/23/21,35.029999,37.93,34.400002,36.779999,36.779999,75319300
8/24/21,37.189999,48.200001,36.349998,44.259998,44.259998,228489600
8/25/21,44.900002,48.299999,43.169998,43.959999,43.959999,209271500
8/26/21,42.790001,44.779999,40.07,40.310001,40.310001,109710200
8/27/21,40.009998,41.580002,39.389999,40.84,40.84,72507400
8/30/21,41.779999,45.709999,41.279999,43.330002,43.330002,108370900
8/31/21,44.16,47.16,44.049999,47.130001,47.130001,127659600
9/1/21,47.16,47.849998,43.049999,43.689999,43.689999,82772400
9/2/21,43.869999,44.900002,42.369999,44.380001,44.380001,67848800
9/3/21,43.540001,44.799999,42.470001,44.02,44.02,52109500
9/7/21,45,47.93,44.880001,47.830002,47.830002,102133700
9/8/21,47.029999,49.400002,45.73,47.400002,47.400002,97372900
9/9/21,46.23,49,45.360001,48.52,48.52,85960900
9/10/21,49.150002,51.700001,48.950001,50.16,50.16,90152700
9/13/21,51.82,52.790001,50.349998,51.689999,51.689999,75111000
9/14/21,50.900002,51.549999,46.959999,47.299999,47.299999,65850300
9/15/21,46.43,47.740002,43.77,46.84,46.84,76214200
9/16/21,46.48,48.689999,45.950001,46.040001,46.040001,57581900
9/17/21,46.099998,46.380001,44.200001,44.200001,44.200001,68549000
9/20/21,41.950001,43.330002,38.529999,40.290001,40.290001,70807600
9/21/21,40.970001,41.490002,37.650002,38.82,38.82,64696300
9/22/21,38.5,40.57,37.740002,40.080002,40.080002,52441300
9/23/21,41.060001,41.849998,39.849998,39.98,39.98,41271100
9/24/21,39.810001,40.52,39.25,40.009998,40.009998,32555900
9/27/21,40.119999,40.630001,39.209999,39.299999,39.299999,31225500
9/28/21,38.900002,39.130001,36.880001,36.990002,36.990002,39523300
9/29/21,37.25,38.259998,35.369999,35.540001,35.540001,43007800
9/30/21,35.189999,41.779999,33.740002,38.060001,38.060001,102819800
10/1/21,39.41,40.130001,37.75,38.459999,38.459999,65919000
10/4/21,38.900002,39.029999,36.330002,36.77,36.77,39943200
10/5/21,36.860001,38.099998,36.189999,37.060001,37.060001,37702800
10/6/21,36.360001,37.650002,35.639999,36.830002,36.830002,35450500
10/7/21,36.779999,38.549999,36.599998,38.139999,38.139999,37704300
10/8/21,37.919998,38.779999,37.060001,37.189999,37.189999,29643100
10/11/21,36.849998,38.66,36.299999,37.25,37.25,37351400
10/12/21,37.25,37.57,36.220001,36.82,36.82,25223400
10/13/21,36.720001,38.150002,36.119999,37.91,37.91,33484500
10/14/21,37.799999,41.099998,37.75,40.07,40.07,67688200
10/15/21,40.200001,41.790001,39.779999,40.740002,40.740002,46524700
10/18/21,40.799999,43.630001,40.490002,43.029999,43.029999,50096300
10/19/21,42.959999,44.439999,40.740002,40.799999,40.799999,52769200
10/20/21,40.650002,41.75,40.299999,40.880001,40.880001,31220000
10/21/21,40.889999,41.939999,38.799999,39.240002,39.240002,33977600
10/22/21,37.310001,37.669998,35.959999,36.599998,36.599998,46324200
10/25/21,36.23,37.849998,35.779999,36.830002,36.830002,30905400
10/26/21,36.529999,37.400002,35.779999,36.049999,36.049999,27674800
10/27/21,36.330002,36.790001,34.580002,34.759998,34.759998,25904100
10/28/21,35.09,36.07,34.860001,35.23,35.23,23812200
10/29/21,35.34,36.630001,34.529999,35.369999,35.369999,32841500
11/1/21,35.650002,37.189999,35.389999,37.07,37.07,34054600
11/2/21,37.619999,38.799999,36.630001,38.790001,38.790001,44361700
11/3/21,40.990002,44.209999,38.880001,40.790001,40.790001,82198000
11/4/21,40.389999,41.299999,39.110001,40.049999,40.049999,28553700
11/5/21,41.16,41.970001,39.93,41.700001,41.700001,40077000
11/8/21,42.48,45.950001,41.77,45.060001,45.060001,70347800
11/9/21,42.43,42.599998,39.25,39.93,39.93,37893500
11/10/21,38.790001,40.869999,38.049999,38.290001,38.290001,32463600
11/11/21,38,40.200001,37.5,39.459999,39.459999,30474100
11/12/21,39.599998,40.439999,39.119999,40,40,23623100
11/15/21,40.349998,43.23,40.209999,42.68,42.68,39918800
11/16/21,41.970001,44.43,41.23,42.599998,42.599998,38388200
11/17/21,42.34,44,42.02,42.130001,42.130001,23322000
11/18/21,42.389999,42.400002,39.779999,40.41,40.41,25262000
11/19/21,40.200001,41.380001,39.66,40.869999,40.869999,20692300
11/22/21,41.509998,42.990002,40.290001,41.240002,41.240002,28831800
11/23/21,41.25,42.029999,38.07,39.16,39.16,27386500
11/24/21,39.139999,39.330002,37.549999,38.889999,38.889999,18270800
11/26/21,36.290001,38.16,36.130001,37.630001,37.630001,19731800
11/29/21,38.259998,38.43,35.919998,36.84,36.84,24063800
11/30/21,36.77,37.049999,32.75,33.939999,33.939999,41354800
12/1/21,34.709999,34.939999,26.85,28.57,28.57,63296100
12/2/21,29.27,31.219999,27.01,30.280001,30.280001,54901300
12/3/21,30.83,31.059999,25.309999,29.01,29.01,66188600
12/6/21,28.1,30.469999,27.15,28.790001,28.790001,45067400
12/7/21,30.030001,31.68,29.5,31.040001,31.040001,47927100
12/8/21,30.780001,33.919998,29.77,32.349998,32.349998,46241500
12/9/21,31.75,32.950001,29.309999,29.459999,29.459999,36556800
12/10/21,29.35,29.93,26,27.440001,27.440001,58858900
12/13/21,27.49,27.629999,22.459999,23.24,23.24,84199800
12/14/21,20.91,25.120001,20.799999,24.5,24.5,107045800
12/15/21,24.6,25.280001,22.530001,24.66,24.66,53208200
12/16/21,25.35,25.870001,24.08,24.450001,24.450001,43702400
12/17/21,24.389999,30.709999,23.65,29.120001,29.120001,144753100
12/20/21,28.959999,30.700001,28.110001,29.700001,29.700001,66938200
12/21/21,29.4,32.23,29.049999,30.299999,30.299999,46852500
12/22/21,29.940001,30.48,28.040001,28.68,28.68,36983800
12/23/21,28.860001,29.43,26.82,28.52,28.52,37005900
12/27/21,28.35,29.389999,27.01,28.700001,28.700001,30785600
12/28/21,28.18,29.74,27.59,27.719999,27.719999,31588100
12/29/21,27.75,28.35,26.620001,27.950001,27.950001,30983400
12/30/21,27.91,30.190001,27.68,28.940001,28.940001,36056400
12/31/21,28.76,29.4,27.110001,27.200001,27.200001,23408000
1/3/22,27.42,28.129999,26.42,26.52,26.52,26740900
1/4/22,26.67,26.67,24.639999,25.49,25.49,33347900
1/5/22,25.17,25.299999,22.360001,22.75,22.75,45172100
1/6/22,22.959999,23.77,20.799999,22.459999,22.459999,59112700
1/7/22,23.610001,24.299999,22.440001,22.99,22.99,49481000
1/10/22,22.42,22.870001,21.25,22.780001,22.780001,37784000
1/11/22,22.4,23.75,22.09,22.790001,22.790001,36063800
1/12/22,22.860001,23.360001,22.049999,22.719999,22.719999,27472100
1/13/22,22.65,23.15,20.530001,20.66,20.66,41005000
1/14/22,20.33,21.08,19.51,20.57,20.57,56996600
1/18/22,19.790001,19.889999,17.799999,18.84,18.84,55679700
1/19/22,18.530001,19.42,18.030001,18.32,18.32,35096800
1/20/22,18.59,20.16,17.950001,18.07,18.07,51078700
1/21/22,17.77,18.559999,16.219999,17.969999,17.969999,65185700
1/24/22,16.24,17.290001,14.23,16.639999,16.639999,82424700
1/25/22,15.89,16.620001,15.55,16.02,16.02,42434600
1/26/22,16.209999,18.16,15.65,15.94,15.94,76722900
1/27/22,16.110001,16.59,14.4,14.52,14.52,50530200
1/28/22,14.6,15.25,13.4,15.06,15.06,53951600
1/31/22,15.14,16.25,15,16.059999,16.059999,41447900
2/1/22,18.15,18.709999,16.52,16.860001,16.860001,124427700
2/2/22,16.549999,17.07,15.38,15.42,15.42,48626000
2/3/22,15.04,15.85,14.65,14.87,14.87,39215100
2/4/22,15,15.7,14.74,15.35,15.35,32396500
2/7/22,15.62,16,14.68,14.91,14.91,29755200
2/8/22,14.9,16.82,14.65,16.43,16.43,51272500
2/9/22,16.299999,19,16.139999,18.940001,18.940001,75867400
2/10/22,17.9,20.959999,17.85,18.59,18.59,98957400
2/11/22,18.620001,19.66,18.33,18.809999,18.809999,68425900
2/14/22,18.83,19.360001,17.66,17.75,17.75,46106700
2/15/22,18.049999,19.549999,17.959999,19.48,19.48,39852000
2/16/22,19.35,20.58,19.26,19.67,19.67,49444600
2/17/22,19.48,20.209999,18.469999,18.940001,18.940001,40130200
2/18/22,18.99,19.200001,17.68,17.9,17.9,31953500
2/22/22,17.360001,18.129999,16.110001,16.469999,16.469999,42968500
2/23/22,16.73,17.02,15.62,15.73,15.73,30155900
2/24/22,14.97,17.77,14.96,17.68,17.68,54405700
2/25/22,17.709999,17.860001,16.530001,17.66,17.66,36944100
2/28/22,18,19.34,17.610001,18.860001,18.860001,42772300
3/1/22,19,19.43,17.83,18.32,18.32,44003000
3/2/22,18.01,18.690001,17.309999,18.530001,18.530001,35038200
3/3/22,18.629999,18.700001,17.799999,18.059999,18.059999,24825900
3/4/22,18.049999,18.32,16.35,16.57,16.57,39474600
3/7/22,16.91,17.1,14.9,15.21,15.21,39507300
3/8/22,15.15,16.26,14.38,15.39,15.39,35370400
3/9/22,15.72,16.27,15.43,15.71,15.71,25206400
3/10/22,15.63,15.81,14.78,15.32,15.32,25666500
3/11/22,15.31,15.4,14.27,14.3,14.3,29202900
3/14/22,14.05,14.16,12.9,13.56,13.56,32959800
3/15/22,13.76,14.69,13.17,14.48,14.48,40853100
3/16/22,14.51,15.69,14.23,15.23,15.23,39104500
3/17/22,14.91,15.61,14.86,15.19,15.19,24130400
3/18/22,14.98,15.9,14.97,15.8,15.8,31992100
3/21/22,15.69,16.549999,15.28,15.86,15.86,34256700
3/22/22,15.88,18.91,15.75,18.26,18.26,81798900
3/23/22,18.75,22.35,18.18,20.74,20.74,170142600
3/24/22,20.049999,20.57,18.860001,20.23,20.23,68471700
3/25/22,19.950001,21.700001,19.709999,20.24,20.24,71814700
3/28/22,20.610001,29.73,20.530001,29.33,29.33,226704100
3/29/22,30.030001,34.330002,26.41,29.440001,29.440001,212293100
3/30/22,28.559999,29.23,25.35,25.68,25.68,95384200
3/31/22,24.77,25.92,23.26,24.639999,24.639999,89239000
4/1/22,25.129999,25.280001,22.34,23.299999,23.299999,65735700
4/4/22,23.48,23.75,21.940001,23.309999,23.309999,51458400
4/5/22,23.18,23.959999,21,21.209999,21.209999,41624100
4/6/22,20.65,21.92,20.01,20.389999,20.389999,52212200
4/7/22,20.629999,20.940001,18.629999,19.73,19.73,53370500
4/8/22,19.700001,19.700001,18.129999,18.24,18.24,42674700
4/11/22,18.030001,18.82,17.719999,18.719999,18.719999,37554600
4/12/22,18.879999,19.01,17.200001,17.42,17.42,42073100
4/13/22,17.549999,18.58,16.940001,18.530001,18.530001,36748800
4/14/22,18.27,18.690001,17.9,18.02,18.02,25333700
4/18/22,18.1,18.190001,16.969999,17.48,17.48,23892600
4/19/22,17.379999,18.92,17.1,18.68,18.68,31744900
4/20/22,18.4,18.66,17.299999,17.34,17.34,23913500
4/21/22,17.41,18.07,16.66,16.85,16.85,26372700
4/22/22,17.120001,17.610001,16.1,16.52,16.52,26431700
4/25/22,16.389999,17.030001,16.290001,16.959999,16.959999,26444200
4/26/22,16.889999,17.09,15.49,15.5,15.5,24732800
4/27/22,15.39,16.25,15.25,15.85,15.85,26605900
4/28/22,15.71,16.129999,14.7,15.64,15.64,29857700
4/29/22,15.63,16.049999,15.22,15.3,15.3,21251700
5/2/22,15.1,15.49,14.61,15.26,15.26,23883200
5/3/22,15.16,16.110001,14.73,15.51,15.51,31834300
5/4/22,15.22,15.91,14.68,15.72,15.72,26421700
5/5/22,15.68,15.79,14.36,14.69,14.69,26987600